time,all_num_万华化学,all_dic_score,万华化学舆情因子值,positive_num,positive_sentiment,negative_num,negative_sentiment
2021-01-01,14,10.00,0.88,12,12.00,2,-2.00
2021-01-02,13,5.00,0.68,9,9.00,4,-4.00
2021-01-03,8,0.00,-0.58,4,4.00,4,-4.00
2021-01-04,57,19.00,0.24,38,38.00,19,-19.00
2021-01-05,59,15.00,0.03,37,37.00,22,-22.00
2021-01-06,113,15.00,0.09,64,64.00,49,-49.00
2021-01-07,257,101.00,0.49,179,179.00,78,-78.00
2021-01-08,76,22.00,0.02,49,49.00,27,-27.00
2021-01-09,19,5.00,0.63,12,12.00,7,-7.00
2021-01-10,21,7.00,0.76,14,14.00,7,-7.00
2021-01-11,67,5.00,0.18,36,36.00,31,-31.00
2021-01-12,93,9.00,0.30,51,51.00,42,-42.00
2021-01-13,80,16.00,0.21,48,48.00,32,-32.00
2021-01-14,66,20.00,0.40,43,43.00,23,-23.00
2021-01-15,52,12.00,0.34,32,32.00,20,-20.00
2021-01-16,23,-1.00,-0.02,11,11.00,12,-12.00
2021-01-17,21,7.00,0.14,14,14.00,7,-7.00
2021-01-18,36,2.00,0.02,19,19.00,17,-17.00
2021-01-19,38,14.00,0.51,26,26.00,12,-12.00
2021-01-20,52,4.00,-0.16,28,28.00,24,-24.00
2021-01-21,71,19.00,0.29,45,45.00,26,-26.00
2021-01-22,64,18.00,0.43,41,41.00,23,-23.00
2021-01-23,16,8.00,0.79,12,12.00,4,-4.00
2021-01-24,16,8.00,0.36,12,12.00,4,-4.00
2021-01-25,58,-2.00,-0.25,28,28.00,30,-30.00
2021-01-26,55,23.00,0.86,39,39.00,16,-16.00
2021-01-27,59,7.00,0.06,33,33.00,26,-26.00
2021-01-28,44,-4.00,-0.11,20,20.00,24,-24.00
2021-01-29,41,7.00,0.21,24,24.00,17,-17.00
2021-01-30,8,4.00,0.78,6,6.00,2,-2.00
2021-01-31,8,0.00,-0.24,4,4.00,4,-4.00
2021-02-01,127,27.00,0.13,77,77.00,50,-50.00
2021-02-02,81,13.00,0.07,47,47.00,34,-34.00
2021-02-03,78,30.00,0.43,54,54.00,24,-24.00
2021-02-04,170,24.00,0.15,97,97.00,73,-73.00
2021-02-05,107,-1.00,0.01,53,53.00,54,-54.00
2021-02-06,31,1.00,0.24,16,16.00,15,-15.00
2021-02-07,42,12.00,0.29,27,27.00,15,-15.00
2021-02-08,113,35.00,0.18,74,74.00,39,-39.00
2021-02-09,95,17.00,0.18,56,56.00,39,-39.00
2021-02-10,70,12.00,0.27,41,41.00,29,-29.00
2021-02-11,7,5.00,0.83,6,6.00,1,-1.00
2021-02-12,6,0.00,-0.14,3,3.00,3,-3.00
2021-02-13,8,6.00,0.75,7,7.00,1,-1.00
2021-02-14,14,4.00,0.53,9,9.00,5,-5.00
2021-02-15,8,6.00,0.66,7,7.00,1,-1.00
2021-02-16,10,-4.00,0.44,3,3.00,7,-7.00
2021-02-17,14,4.00,0.71,9,9.00,5,-5.00
2021-02-18,93,5.00,-0.46,49,49.00,44,-44.00
2021-02-19,120,20.00,0.38,70,70.00,50,-50.00
2021-02-20,29,5.00,-0.03,17,17.00,12,-12.00
2021-02-21,16,8.00,0.46,12,12.00,4,-4.00
2021-02-22,106,4.00,0.15,55,55.00,51,-51.00
2021-02-23,106,14.00,0.27,60,60.00,46,-46.00
2021-02-24,124,0.00,0.07,62,62.00,62,-62.00
2021-02-25,134,22.00,0.05,78,78.00,56,-56.00
2021-02-26,138,14.00,-0.03,76,76.00,62,-62.00
2021-02-27,32,6.00,0.20,19,19.00,13,-13.00
2021-02-28,30,2.00,0.06,16,16.00,14,-14.00
2021-03-01,199,7.00,0.13,103,103.00,96,-96.00
2021-03-02,252,-24.00,-0.21,114,114.00,138,-138.00
2021-03-03,103,33.00,0.20,68,68.00,35,-35.00
2021-03-04,312,-8.00,0.09,152,152.00,160,-160.00
2021-03-05,216,-2.00,0.14,107,107.00,109,-109.00
2021-03-06,43,11.00,0.37,27,27.00,16,-16.00
2021-03-07,35,-1.00,0.01,17,17.00,18,-18.00
2021-03-08,159,55.00,0.74,107,107.00,52,-52.00
2021-03-09,134,8.00,-0.18,71,71.00,63,-63.00
2021-03-10,108,30.00,0.33,69,69.00,39,-39.00
2021-03-11,72,28.00,0.73,50,50.00,22,-22.00
2021-03-12,119,37.00,0.64,78,78.00,41,-41.00
2021-03-13,20,6.00,0.25,13,13.00,7,-7.00
2021-03-14,29,21.00,0.77,25,25.00,4,-4.00
2021-03-15,210,52.00,0.41,131,131.00,79,-79.00
2021-03-16,168,44.00,0.26,106,106.00,62,-62.00
2021-03-17,97,17.00,0.26,57,57.00,40,-40.00
2021-03-18,74,12.00,0.05,43,43.00,31,-31.00
2021-03-19,62,10.00,0.06,36,36.00,26,-26.00
2021-03-20,14,2.00,0.37,8,8.00,6,-6.00
2021-03-21,24,12.00,0.07,18,18.00,6,-6.00
2021-03-22,154,6.00,0.20,80,80.00,74,-74.00
2021-03-23,166,14.00,0.04,90,90.00,76,-76.00
2021-03-24,286,44.00,0.46,165,165.00,121,-121.00
2021-03-25,112,14.00,0.06,63,63.00,49,-49.00
2021-03-26,81,17.00,0.25,49,49.00,32,-32.00
2021-03-27,19,5.00,0.52,12,12.00,7,-7.00
2021-03-28,16,4.00,0.45,10,10.00,6,-6.00
2021-03-29,52,6.00,0.39,29,29.00,23,-23.00
2021-03-30,40,2.00,0.17,21,21.00,19,-19.00
2021-03-31,110,24.00,0.38,67,67.00,43,-43.00
2021-04-01,59,7.00,0.10,33,33.00,26,-26.00
2021-04-02,63,7.00,0.32,35,35.00,28,-28.00
2021-04-03,12,4.00,0.56,8,8.00,4,-4.00
2021-04-04,6,0.00,-0.45,3,3.00,3,-3.00
2021-04-05,8,4.00,0.42,6,6.00,2,-2.00
2021-04-06,65,-5.00,-0.14,30,30.00,35,-35.00
2021-04-07,91,11.00,0.24,51,51.00,40,-40.00
2021-04-08,82,30.00,0.12,56,56.00,26,-26.00
2021-04-09,230,38.00,0.16,134,134.00,96,-96.00
2021-04-10,103,33.00,0.45,68,68.00,35,-35.00
2021-04-11,140,64.00,0.60,102,102.00,38,-38.00
2021-04-12,778,130.00,0.26,454,454.00,324,-324.00
2021-04-13,212,62.00,0.30,137,137.00,75,-75.00
2021-04-14,82,18.00,0.30,50,50.00,32,-32.00
2021-04-15,82,-6.00,-0.17,38,38.00,44,-44.00
2021-04-16,130,6.00,0.17,68,68.00,62,-62.00
2021-04-17,25,15.00,0.52,20,20.00,5,-5.00
2021-04-18,26,6.00,0.33,16,16.00,10,-10.00
2021-04-19,92,30.00,0.25,61,61.00,31,-31.00
2021-04-20,90,28.00,0.59,59,59.00,31,-31.00
2021-04-21,79,15.00,0.12,47,47.00,32,-32.00
2021-04-22,63,3.00,0.20,33,33.00,30,-30.00
2021-04-23,84,8.00,-0.26,46,46.00,38,-38.00
2021-04-24,14,10.00,0.84,12,12.00,2,-2.00
2021-04-25,13,9.00,0.74,11,11.00,2,-2.00
2021-04-26,71,13.00,0.27,42,42.00,29,-29.00
2021-04-27,45,19.00,0.09,32,32.00,13,-13.00
2021-04-28,66,-2.00,0.12,32,32.00,34,-34.00
2021-04-29,93,7.00,-0.05,50,50.00,43,-43.00
2021-04-30,138,14.00,0.52,76,76.00,62,-62.00
2021-05-01,8,-2.00,-0.67,3,3.00,5,-5.00
2021-05-02,14,8.00,0.76,11,11.00,3,-3.00
2021-05-03,3,-1.00,-0.10,1,1.00,2,-2.00
2021-05-04,6,-2.00,-0.21,2,2.00,4,-4.00
2021-05-05,10,8.00,0.95,9,9.00,1,-1.00
2021-05-06,37,-1.00,-0.32,18,18.00,19,-19.00
2021-05-07,52,6.00,0.19,29,29.00,23,-23.00
2021-05-08,11,-3.00,-0.66,4,4.00,7,-7.00
2021-05-09,10,2.00,-0.13,6,6.00,4,-4.00
2021-05-10,115,-7.00,0.10,54,54.00,61,-61.00
2021-05-11,79,-1.00,-0.02,39,39.00,40,-40.00
2021-05-12,61,9.00,0.39,35,35.00,26,-26.00
2021-05-13,259,21.00,0.03,140,140.00,119,-119.00
2021-05-14,127,27.00,0.22,77,77.00,50,-50.00
2021-05-15,10,6.00,0.46,8,8.00,2,-2.00
2021-05-16,12,2.00,0.59,7,7.00,5,-5.00
2021-05-17,114,18.00,0.16,66,66.00,48,-48.00
2021-05-18,73,11.00,0.35,42,42.00,31,-31.00
2021-05-19,62,20.00,0.69,41,41.00,21,-21.00
2021-05-20,111,-1.00,0.02,55,55.00,56,-56.00
2021-05-21,122,4.00,-0.26,63,63.00,59,-59.00
2021-05-22,12,2.00,0.37,7,7.00,5,-5.00
2021-05-23,14,8.00,0.71,11,11.00,3,-3.00
2021-05-24,90,-6.00,-0.29,42,42.00,48,-48.00
2021-05-25,88,26.00,0.38,57,57.00,31,-31.00
2021-05-26,115,31.00,0.33,73,73.00,42,-42.00
2021-05-27,108,6.00,0.01,57,57.00,51,-51.00
2021-05-28,73,11.00,-0.06,42,42.00,31,-31.00
2021-05-29,13,-3.00,0.48,5,5.00,8,-8.00
2021-05-30,14,6.00,0.67,10,10.00,4,-4.00
2021-05-31,83,7.00,0.15,45,45.00,38,-38.00
2021-06-01,209,41.00,0.16,125,125.00,84,-84.00
2021-06-02,76,2.00,0.03,39,39.00,37,-37.00
2021-06-03,83,7.00,0.35,45,45.00,38,-38.00
2021-06-04,85,9.00,0.11,47,47.00,38,-38.00
2021-06-05,19,5.00,0.43,12,12.00,7,-7.00
2021-06-06,13,3.00,0.17,8,8.00,5,-5.00
2021-06-07,68,0.00,0.16,34,34.00,34,-34.00
2021-06-08,125,-19.00,-0.06,53,53.00,72,-72.00
2021-06-09,109,23.00,0.38,66,66.00,43,-43.00
2021-06-10,117,-3.00,-0.09,57,57.00,60,-60.00
2021-06-11,139,-15.00,-0.11,62,62.00,77,-77.00
2021-06-12,16,2.00,0.15,9,9.00,7,-7.00
2021-06-13,11,7.00,0.81,9,9.00,2,-2.00
2021-06-14,13,5.00,0.39,9,9.00,4,-4.00
2021-06-15,150,18.00,0.12,84,84.00,66,-66.00
2021-06-16,155,-5.00,0.14,75,75.00,80,-80.00
2021-06-17,179,-19.00,-0.03,80,80.00,99,-99.00
2021-06-18,251,-5.00,0.06,123,123.00,128,-128.00
2021-06-19,23,3.00,0.32,13,13.00,10,-10.00
2021-06-20,24,8.00,0.60,16,16.00,8,-8.00
2021-06-21,106,20.00,0.25,63,63.00,43,-43.00
2021-06-22,84,10.00,0.25,47,47.00,37,-37.00
2021-06-23,147,-5.00,-0.05,71,71.00,76,-76.00
2021-06-24,70,-2.00,-0.16,34,34.00,36,-36.00
2021-06-25,93,21.00,0.45,57,57.00,36,-36.00
2021-06-26,13,3.00,0.63,8,8.00,5,-5.00
2021-06-27,13,5.00,0.37,9,9.00,4,-4.00
2021-06-28,66,0.00,0.11,33,33.00,33,-33.00
2021-06-29,66,12.00,0.14,39,39.00,27,-27.00
2021-06-30,132,-10.00,0.07,61,61.00,71,-71.00
2021-07-01,125,-11.00,-0.17,57,57.00,68,-68.00
2021-07-02,76,-6.00,-0.31,35,35.00,41,-41.00
2021-07-03,16,2.00,0.25,9,9.00,7,-7.00
2021-07-04,32,4.00,0.28,18,18.00,14,-14.00
2021-07-05,139,9.00,-0.12,74,74.00,65,-65.00
2021-07-06,138,30.00,0.37,84,84.00,54,-54.00
2021-07-07,107,9.00,0.28,58,58.00,49,-49.00
2021-07-08,153,45.00,0.67,99,99.00,54,-54.00
2021-07-09,127,45.00,0.08,86,86.00,41,-41.00
2021-07-10,29,15.00,0.83,22,22.00,7,-7.00
2021-07-11,26,14.00,0.19,20,20.00,6,-6.00
2021-07-12,135,23.00,0.10,79,79.00,56,-56.00
2021-07-13,59,7.00,0.45,33,33.00,26,-26.00
2021-07-14,57,15.00,0.12,36,36.00,21,-21.00
2021-07-15,86,22.00,0.29,54,54.00,32,-32.00
2021-07-16,113,13.00,0.26,63,63.00,50,-50.00
2021-07-17,18,0.00,-0.18,9,9.00,9,-9.00
2021-07-18,21,-1.00,0.30,10,10.00,11,-11.00
2021-07-19,74,-2.00,-0.13,36,36.00,38,-38.00
2021-07-20,145,27.00,0.41,86,86.00,59,-59.00
2021-07-21,102,8.00,0.32,55,55.00,47,-47.00
2021-07-22,114,16.00,0.33,65,65.00,49,-49.00
2021-07-23,118,-18.00,0.09,50,50.00,68,-68.00
2021-07-24,26,8.00,0.56,17,17.00,9,-9.00
2021-07-25,21,5.00,0.29,13,13.00,8,-8.00
2021-07-26,77,-5.00,0.24,36,36.00,41,-41.00
2021-07-27,142,-12.00,0.15,65,65.00,77,-77.00
2021-07-28,133,19.00,0.41,76,76.00,57,-57.00
2021-07-29,218,52.00,0.47,135,135.00,83,-83.00
2021-07-30,207,45.00,0.38,126,126.00,81,-81.00
2021-07-31,29,13.00,0.42,21,21.00,8,-8.00
2021-08-01,30,14.00,0.12,22,22.00,8,-8.00
2021-08-02,88,18.00,0.40,53,53.00,35,-35.00
2021-08-03,83,5.00,-0.01,44,44.00,39,-39.00
2021-08-04,145,31.00,0.38,88,88.00,57,-57.00
2021-08-05,131,7.00,0.25,69,69.00,62,-62.00
2021-08-06,243,17.00,0.19,130,130.00,113,-113.00
2021-08-07,32,6.00,0.34,19,19.00,13,-13.00
2021-08-08,21,7.00,0.40,14,14.00,7,-7.00
2021-08-09,102,-8.00,0.00,47,47.00,55,-55.00
2021-08-10,142,-2.00,-0.10,70,70.00,72,-72.00
2021-08-11,190,-4.00,-0.03,93,93.00,97,-97.00
2021-08-12,254,12.00,-0.02,133,133.00,121,-121.00
2021-08-13,142,18.00,-0.04,80,80.00,62,-62.00
2021-08-14,23,5.00,0.69,14,14.00,9,-9.00
2021-08-15,25,7.00,0.32,16,16.00,9,-9.00
2021-08-16,109,-5.00,-0.20,52,52.00,57,-57.00
2021-08-17,136,-22.00,-0.12,57,57.00,79,-79.00
2021-08-18,135,1.00,-0.00,68,68.00,67,-67.00
2021-08-19,208,10.00,0.10,109,109.00,99,-99.00
2021-08-20,212,18.00,0.05,115,115.00,97,-97.00
2021-08-21,24,4.00,0.22,14,14.00,10,-10.00
2021-08-22,29,9.00,0.11,19,19.00,10,-10.00
2021-08-23,119,-7.00,-0.09,56,56.00,63,-63.00
2021-08-24,168,28.00,-0.05,98,98.00,70,-70.00
2021-08-25,161,21.00,0.50,91,91.00,70,-70.00
2021-08-26,124,16.00,0.23,70,70.00,54,-54.00
2021-08-27,195,11.00,-0.03,103,103.00,92,-92.00
2021-08-28,26,10.00,0.34,18,18.00,8,-8.00
2021-08-29,27,7.00,0.45,17,17.00,10,-10.00
2021-08-30,88,0.00,0.31,44,44.00,44,-44.00
2021-08-31,122,14.00,0.20,68,68.00,54,-54.00
2021-09-01,169,-7.00,-0.01,81,81.00,88,-88.00
2021-09-02,265,7.00,0.13,136,136.00,129,-129.00
2021-09-03,235,-11.00,0.04,112,112.00,123,-123.00
2021-09-04,23,-1.00,-0.20,11,11.00,12,-12.00
2021-09-05,39,21.00,0.23,30,30.00,9,-9.00
2021-09-06,121,19.00,0.21,70,70.00,51,-51.00
2021-09-07,112,10.00,0.15,61,61.00,51,-51.00
2021-09-08,117,11.00,0.25,64,64.00,53,-53.00
2021-09-09,211,11.00,-0.07,111,111.00,100,-100.00
2021-09-10,118,22.00,0.18,70,70.00,48,-48.00
2021-09-11,37,7.00,-0.20,22,22.00,15,-15.00
2021-09-12,33,9.00,0.44,21,21.00,12,-12.00
2021-09-13,347,65.00,-0.07,206,206.00,141,-141.00
2021-09-14,163,41.00,0.15,102,102.00,61,-61.00
2021-09-15,183,17.00,0.14,100,100.00,83,-83.00
2021-09-16,146,16.00,0.16,81,81.00,65,-65.00
2021-09-17,88,24.00,0.46,56,56.00,32,-32.00
2021-09-18,9,5.00,0.59,7,7.00,2,-2.00
2021-09-19,10,8.00,0.88,9,9.00,1,-1.00
2021-09-20,11,5.00,0.10,8,8.00,3,-3.00
2021-09-21,9,7.00,0.86,8,8.00,1,-1.00
2021-09-22,86,16.00,-0.08,51,51.00,35,-35.00
2021-09-23,152,24.00,0.02,88,88.00,64,-64.00
2021-09-24,140,-4.00,0.23,68,68.00,72,-72.00
2021-09-25,21,3.00,0.21,12,12.00,9,-9.00
2021-09-26,27,9.00,0.42,18,18.00,9,-9.00
2021-09-27,156,20.00,0.18,88,88.00,68,-68.00
2021-09-28,166,34.00,0.50,100,100.00,66,-66.00
2021-09-29,80,12.00,0.02,46,46.00,34,-34.00
2021-09-30,98,28.00,0.37,63,63.00,35,-35.00
2021-10-01,7,5.00,0.78,6,6.00,1,-1.00
2021-10-02,4,0.00,-0.21,2,2.00,2,-2.00
2021-10-03,5,1.00,0.52,3,3.00,2,-2.00
2021-10-04,7,3.00,0.80,5,5.00,2,-2.00
2021-10-05,5,1.00,0.39,3,3.00,2,-2.00
2021-10-06,11,1.00,0.46,6,6.00,5,-5.00
2021-10-07,15,3.00,-0.24,9,9.00,6,-6.00
2021-10-08,54,-10.00,-0.17,22,22.00,32,-32.00
2021-10-09,14,-2.00,-0.62,6,6.00,8,-8.00
2021-10-10,12,2.00,0.20,7,7.00,5,-5.00
2021-10-11,65,-1.00,0.22,32,32.00,33,-33.00
2021-10-12,63,11.00,0.04,37,37.00,26,-26.00
2021-10-13,157,17.00,0.10,87,87.00,70,-70.00
2021-10-14,113,11.00,0.16,62,62.00,51,-51.00
2021-10-15,97,9.00,0.22,53,53.00,44,-44.00
2021-10-16,13,9.00,0.69,11,11.00,2,-2.00
2021-10-17,14,4.00,0.26,9,9.00,5,-5.00
2021-10-18,226,42.00,0.23,134,134.00,92,-92.00
2021-10-19,221,59.00,0.42,140,140.00,81,-81.00
2021-10-20,229,21.00,0.23,125,125.00,104,-104.00
2021-10-21,120,38.00,0.61,79,79.00,41,-41.00
2021-10-22,62,2.00,0.14,32,32.00,30,-30.00
2021-10-23,10,8.00,0.89,9,9.00,1,-1.00
2021-10-24,8,0.00,0.00,4,4.00,4,-4.00
2021-10-25,98,22.00,0.25,60,60.00,38,-38.00
2021-10-26,98,16.00,0.22,57,57.00,41,-41.00
2021-10-27,121,17.00,0.03,69,69.00,52,-52.00
2021-10-28,97,15.00,0.05,56,56.00,41,-41.00
2021-10-29,64,8.00,0.27,36,36.00,28,-28.00
2021-10-30,10,2.00,0.47,6,6.00,4,-4.00
2021-10-31,18,10.00,0.43,14,14.00,4,-4.00
2021-11-01,87,-9.00,-0.21,39,39.00,48,-48.00
2021-11-02,139,11.00,0.16,75,75.00,64,-64.00
2021-11-03,176,10.00,-0.02,93,93.00,83,-83.00
2021-11-04,121,29.00,0.24,75,75.00,46,-46.00
2021-11-05,291,5.00,-0.15,148,148.00,143,-143.00
2021-11-06,27,11.00,0.32,19,19.00,8,-8.00
2021-11-07,18,6.00,0.66,12,12.00,6,-6.00
2021-11-08,133,15.00,0.04,74,74.00,59,-59.00
2021-11-09,487,27.00,0.15,257,257.00,230,-230.00
2021-11-10,237,33.00,-0.05,135,135.00,102,-102.00
2021-11-11,136,20.00,-0.08,78,78.00,58,-58.00
2021-11-12,55,-1.00,-0.12,27,27.00,28,-28.00
2021-11-13,13,3.00,0.58,8,8.00,5,-5.00
2021-11-14,19,11.00,0.43,15,15.00,4,-4.00
2021-11-15,98,-10.00,-0.06,44,44.00,54,-54.00
2021-11-16,98,22.00,0.25,60,60.00,38,-38.00
2021-11-17,75,15.00,0.29,45,45.00,30,-30.00
2021-11-18,70,-2.00,-0.15,34,34.00,36,-36.00
2021-11-19,113,33.00,-0.26,73,73.00,40,-40.00
2021-11-20,12,0.00,-0.30,6,6.00,6,-6.00
2021-11-21,10,4.00,0.35,7,7.00,3,-3.00
2021-11-22,91,7.00,0.13,49,49.00,42,-42.00
2021-11-23,100,0.00,0.26,50,50.00,50,-50.00
2021-11-24,62,4.00,-0.01,33,33.00,29,-29.00
2021-11-25,91,-7.00,-0.39,42,42.00,49,-49.00
2021-11-26,117,25.00,0.35,71,71.00,46,-46.00
2021-11-27,11,1.00,0.02,6,6.00,5,-5.00
2021-11-28,18,6.00,0.67,12,12.00,6,-6.00
2021-11-29,150,10.00,0.04,80,80.00,70,-70.00
2021-11-30,81,29.00,0.45,55,55.00,26,-26.00
2021-12-01,134,16.00,0.21,75,75.00,59,-59.00
2021-12-02,103,11.00,0.20,57,57.00,46,-46.00
2021-12-03,134,-6.00,0.06,64,64.00,70,-70.00
2021-12-04,11,1.00,-0.12,6,6.00,5,-5.00
2021-12-05,11,5.00,0.55,8,8.00,3,-3.00
2021-12-06,82,0.00,0.09,41,41.00,41,-41.00
2021-12-07,63,15.00,0.30,39,39.00,24,-24.00
2021-12-08,88,8.00,0.14,48,48.00,40,-40.00
2021-12-09,78,26.00,-0.19,52,52.00,26,-26.00
2021-12-10,41,9.00,0.39,25,25.00,16,-16.00
2021-12-11,18,8.00,0.58,13,13.00,5,-5.00
2021-12-12,12,4.00,0.69,8,8.00,4,-4.00
2021-12-13,173,9.00,0.06,91,91.00,82,-82.00
2021-12-14,94,14.00,0.19,54,54.00,40,-40.00
2021-12-15,76,28.00,0.53,52,52.00,24,-24.00
2021-12-16,39,-1.00,-0.44,19,19.00,20,-20.00
2021-12-17,37,-1.00,0.09,18,18.00,19,-19.00
2021-12-18,6,6.00,1.00,6,6.00,0,0.00
2021-12-19,9,1.00,0.78,5,5.00,4,-4.00
2021-12-20,41,-5.00,-0.05,18,18.00,23,-23.00
2021-12-21,50,12.00,0.28,31,31.00,19,-19.00
2021-12-22,46,-2.00,-0.12,22,22.00,24,-24.00
2021-12-23,45,-3.00,-0.19,21,21.00,24,-24.00
2021-12-24,24,6.00,0.34,15,15.00,9,-9.00
2021-12-25,5,1.00,0.29,3,3.00,2,-2.00
2021-12-26,9,3.00,0.03,6,6.00,3,-3.00
2021-12-27,47,-5.00,-0.30,21,21.00,26,-26.00
2021-12-28,46,6.00,-0.14,26,26.00,20,-20.00
2021-12-29,35,-9.00,-0.19,13,13.00,22,-22.00
2021-12-30,78,-8.00,-0.08,35,35.00,43,-43.00
2021-12-31,54,-4.00,-0.40,25,25.00,29,-29.00
2022-01-01,5,3.00,0.46,4,4.00,1,-1.00
2022-01-02,10,2.00,0.06,6,6.00,4,-4.00
2022-01-03,4,2.00,0.66,3,3.00,1,-1.00
2022-01-04,45,9.00,0.26,27,27.00,18,-18.00
2022-01-05,70,20.00,0.24,45,45.00,25,-25.00
2022-01-06,60,4.00,-0.04,32,32.00,28,-28.00
2022-01-07,44,10.00,0.34,27,27.00,17,-17.00
2022-01-08,5,5.00,1.00,5,5.00,0,0.00
2022-01-09,6,4.00,0.68,5,5.00,1,-1.00
2022-01-10,65,1.00,-0.37,33,33.00,32,-32.00
2022-01-11,95,-9.00,-0.11,43,43.00,52,-52.00
2022-01-12,49,11.00,0.28,30,30.00,19,-19.00
2022-01-13,53,11.00,0.19,32,32.00,21,-21.00
2022-01-14,53,-1.00,0.04,26,26.00,27,-27.00
2022-01-15,4,2.00,0.78,3,3.00,1,-1.00
2022-01-16,9,7.00,0.69,8,8.00,1,-1.00
2022-01-17,113,25.00,0.32,69,69.00,44,-44.00
2022-01-18,93,45.00,-0.17,69,69.00,24,-24.00
2022-01-19,72,16.00,-0.02,44,44.00,28,-28.00
2022-01-20,75,17.00,0.29,46,46.00,29,-29.00
2022-01-21,101,29.00,-0.19,65,65.00,36,-36.00
2022-01-22,13,5.00,-0.37,9,9.00,4,-4.00
2022-01-23,11,5.00,0.27,8,8.00,3,-3.00
2022-01-24,71,27.00,0.55,49,49.00,22,-22.00
2022-01-25,97,35.00,0.42,66,66.00,31,-31.00
2022-01-26,55,25.00,0.55,40,40.00,15,-15.00
2022-01-27,60,32.00,0.35,46,46.00,14,-14.00
2022-01-28,67,27.00,0.42,47,47.00,20,-20.00
2022-01-29,12,0.00,0.39,6,6.00,6,-6.00
2022-01-30,7,-3.00,-0.79,2,2.00,5,-5.00
2022-01-31,4,2.00,0.66,3,3.00,1,-1.00
2022-02-01,5,5.00,1.00,5,5.00,0,0.00
2022-02-02,5,1.00,0.54,3,3.00,2,-2.00
2022-02-03,4,0.00,-0.31,2,2.00,2,-2.00
2022-02-04,10,2.00,0.08,6,6.00,4,-4.00
2022-02-05,4,2.00,0.11,3,3.00,1,-1.00
2022-02-06,9,7.00,0.56,8,8.00,1,-1.00
2022-02-07,39,23.00,0.60,31,31.00,8,-8.00
2022-02-08,46,16.00,0.40,31,31.00,15,-15.00
2022-02-09,29,11.00,0.65,20,20.00,9,-9.00
2022-02-10,48,32.00,0.63,40,40.00,8,-8.00
2022-02-11,64,20.00,0.45,42,42.00,22,-22.00
2022-02-12,9,1.00,0.14,5,5.00,4,-4.00
2022-02-13,7,1.00,0.33,4,4.00,3,-3.00
2022-02-14,43,15.00,0.48,29,29.00,14,-14.00
2022-02-15,51,35.00,0.76,43,43.00,8,-8.00
2022-02-16,30,12.00,0.39,21,21.00,9,-9.00
2022-02-17,18,6.00,0.36,12,12.00,6,-6.00
2022-02-18,25,7.00,0.37,16,16.00,9,-9.00
2022-02-19,7,3.00,0.20,5,5.00,2,-2.00
2022-02-20,5,3.00,0.69,4,4.00,1,-1.00
2022-02-21,28,8.00,0.39,18,18.00,10,-10.00
2022-02-22,27,1.00,0.24,14,14.00,13,-13.00
2022-02-23,66,12.00,-0.06,39,39.00,27,-27.00
2022-02-24,37,19.00,0.58,28,28.00,9,-9.00
2022-02-25,29,7.00,0.34,18,18.00,11,-11.00
2022-02-26,1,1.00,1.00,1,1.00,0,0.00
2022-02-27,2,2.00,1.00,2,2.00,0,0.00
2022-02-28,28,10.00,0.55,19,19.00,9,-9.00
2022-03-01,58,14.00,0.40,36,36.00,22,-22.00
2022-03-02,54,10.00,0.24,32,32.00,22,-22.00
2022-03-03,38,0.00,-0.14,19,19.00,19,-19.00
2022-03-04,58,2.00,0.11,30,30.00,28,-28.00
2022-03-05,8,4.00,0.54,6,6.00,2,-2.00
2022-03-06,10,4.00,0.49,7,7.00,3,-3.00
2022-03-07,100,34.00,0.51,67,67.00,33,-33.00
2022-03-08,81,11.00,0.12,46,46.00,35,-35.00
2022-03-09,90,32.00,0.54,61,61.00,29,-29.00
2022-03-10,94,32.00,0.41,63,63.00,31,-31.00
2022-03-11,72,12.00,0.16,42,42.00,30,-30.00
2022-03-12,9,5.00,0.36,7,7.00,2,-2.00
2022-03-13,16,8.00,0.67,12,12.00,4,-4.00
2022-03-14,117,65.00,0.73,91,91.00,26,-26.00
2022-03-15,184,72.00,0.35,128,128.00,56,-56.00
2022-03-16,144,34.00,0.01,89,89.00,55,-55.00
2022-03-17,57,21.00,0.63,39,39.00,18,-18.00
2022-03-18,40,12.00,0.65,26,26.00,14,-14.00
2022-03-19,25,11.00,0.26,18,18.00,7,-7.00
2022-03-20,24,10.00,0.52,17,17.00,7,-7.00
2022-03-21,90,18.00,0.14,54,54.00,36,-36.00
2022-03-22,58,22.00,0.41,40,40.00,18,-18.00
2022-03-23,103,27.00,0.38,65,65.00,38,-38.00
2022-03-24,71,21.00,0.65,46,46.00,25,-25.00
2022-03-25,104,28.00,0.49,66,66.00,38,-38.00
2022-03-26,17,11.00,0.74,14,14.00,3,-3.00
2022-03-27,15,7.00,0.72,11,11.00,4,-4.00
2022-03-28,71,11.00,0.18,41,41.00,30,-30.00
2022-03-29,56,20.00,0.30,38,38.00,18,-18.00
2022-03-30,53,13.00,0.44,33,33.00,20,-20.00
2022-03-31,35,13.00,-0.27,24,24.00,11,-11.00
2022-04-01,81,33.00,0.39,57,57.00,24,-24.00
2022-04-02,11,1.00,-0.04,6,6.00,5,-5.00
2022-04-03,7,5.00,0.86,6,6.00,1,-1.00
2022-04-04,6,4.00,0.70,5,5.00,1,-1.00
2022-04-05,13,3.00,0.64,8,8.00,5,-5.00
2022-04-06,41,13.00,0.36,27,27.00,14,-14.00
2022-04-07,37,21.00,0.62,29,29.00,8,-8.00
2022-04-08,33,19.00,0.58,26,26.00,7,-7.00
2022-04-09,14,6.00,0.76,10,10.00,4,-4.00
2022-04-10,6,0.00,0.29,3,3.00,3,-3.00
2022-04-11,53,33.00,0.28,43,43.00,10,-10.00
2022-04-12,38,12.00,0.30,25,25.00,13,-13.00
2022-04-13,29,13.00,0.27,21,21.00,8,-8.00
2022-04-14,32,10.00,0.44,21,21.00,11,-11.00
2022-04-15,32,22.00,0.72,27,27.00,5,-5.00
2022-04-16,5,3.00,0.49,4,4.00,1,-1.00
2022-04-17,3,3.00,1.00,3,3.00,0,0.00
2022-04-18,24,4.00,0.01,14,14.00,10,-10.00
2022-04-19,44,14.00,0.46,29,29.00,15,-15.00
2022-04-20,56,22.00,0.43,39,39.00,17,-17.00
2022-04-21,49,21.00,0.38,35,35.00,14,-14.00
2022-04-22,41,21.00,0.55,31,31.00,10,-10.00
2022-04-23,14,2.00,0.55,8,8.00,6,-6.00
2022-04-24,12,12.00,1.00,12,12.00,0,0.00
2022-04-25,51,21.00,0.52,36,36.00,15,-15.00
2022-04-26,51,37.00,0.74,44,44.00,7,-7.00
2022-04-27,48,24.00,0.49,36,36.00,12,-12.00
2022-04-28,55,27.00,0.53,41,41.00,14,-14.00
2022-04-29,67,5.00,0.13,36,36.00,31,-31.00
2022-04-30,7,5.00,0.65,6,6.00,1,-1.00
2022-05-01,1,1.00,1.00,1,1.00,0,0.00
2022-05-02,5,1.00,0.65,3,3.00,2,-2.00
2022-05-03,4,2.00,0.75,3,3.00,1,-1.00
2022-05-04,7,1.00,-0.05,4,4.00,3,-3.00
2022-05-05,37,7.00,0.17,22,22.00,15,-15.00
2022-05-06,31,11.00,0.43,21,21.00,10,-10.00
2022-05-07,4,2.00,0.80,3,3.00,1,-1.00
2022-05-08,4,2.00,0.83,3,3.00,1,-1.00
2022-05-09,25,13.00,0.65,19,19.00,6,-6.00
2022-05-10,40,-2.00,0.01,19,19.00,21,-21.00
2022-05-11,38,2.00,0.05,20,20.00,18,-18.00
2022-05-12,16,4.00,0.33,10,10.00,6,-6.00
2022-05-13,31,11.00,0.47,21,21.00,10,-10.00
2022-05-14,9,3.00,0.54,6,6.00,3,-3.00
2022-05-15,5,3.00,0.77,4,4.00,1,-1.00
2022-05-16,41,19.00,0.57,30,30.00,11,-11.00
2022-05-17,26,12.00,0.53,19,19.00,7,-7.00
2022-05-18,27,15.00,0.57,21,21.00,6,-6.00
2022-05-19,37,15.00,0.47,26,26.00,11,-11.00
2022-05-20,45,27.00,0.82,36,36.00,9,-9.00
2022-05-21,9,7.00,0.91,8,8.00,1,-1.00
2022-05-22,5,3.00,0.48,4,4.00,1,-1.00
2022-05-23,20,6.00,0.44,13,13.00,7,-7.00
2022-05-24,19,9.00,0.75,14,14.00,5,-5.00
2022-05-25,19,9.00,0.44,14,14.00,5,-5.00
2022-05-26,22,8.00,0.47,15,15.00,7,-7.00
2022-05-27,25,11.00,0.57,18,18.00,7,-7.00
2022-05-28,4,4.00,1.00,4,4.00,0,0.00
2022-05-29,4,4.00,1.00,4,4.00,0,0.00
2022-05-30,21,9.00,0.30,15,15.00,6,-6.00
2022-05-31,35,7.00,0.23,21,21.00,14,-14.00
2022-06-01,23,7.00,0.42,15,15.00,8,-8.00
2022-06-02,65,17.00,0.43,41,41.00,24,-24.00
2022-06-03,6,4.00,0.83,5,5.00,1,-1.00
2022-06-04,7,5.00,0.87,6,6.00,1,-1.00
2022-06-05,5,3.00,0.44,4,4.00,1,-1.00
2022-06-06,28,10.00,0.22,19,19.00,9,-9.00
2022-06-07,30,6.00,0.19,18,18.00,12,-12.00
2022-06-08,22,2.00,-0.36,12,12.00,10,-10.00
2022-06-09,26,10.00,0.04,18,18.00,8,-8.00
2022-06-10,35,13.00,0.37,24,24.00,11,-11.00
2022-06-11,8,0.00,-0.15,4,4.00,4,-4.00
2022-06-12,6,4.00,0.07,5,5.00,1,-1.00
2022-06-13,31,13.00,0.53,22,22.00,9,-9.00
2022-06-14,17,9.00,0.64,13,13.00,4,-4.00
2022-06-15,84,38.00,0.42,61,61.00,23,-23.00
2022-06-16,50,14.00,0.36,32,32.00,18,-18.00
2022-06-17,59,15.00,0.24,37,37.00,22,-22.00
2022-06-18,8,0.00,0.51,4,4.00,4,-4.00
2022-06-19,9,3.00,0.38,6,6.00,3,-3.00
2022-06-20,41,13.00,0.39,27,27.00,14,-14.00
2022-06-21,19,-1.00,0.41,9,9.00,10,-10.00
2022-06-22,40,20.00,0.56,30,30.00,10,-10.00
2022-06-23,25,13.00,0.68,19,19.00,6,-6.00
2022-06-24,31,13.00,0.43,22,22.00,9,-9.00
2022-06-25,6,4.00,0.75,5,5.00,1,-1.00
2022-06-26,4,2.00,0.23,3,3.00,1,-1.00
2022-06-27,37,13.00,0.24,25,25.00,12,-12.00
2022-06-28,60,14.00,0.26,37,37.00,23,-23.00
2022-06-29,27,15.00,0.74,21,21.00,6,-6.00
2022-06-30,45,17.00,0.43,31,31.00,14,-14.00
