time,all_num_维科技术,all_dic_score,维科技术舆情因子值,positive_num,positive_sentiment,negative_num,negative_sentiment
2021-01-01,1,-1.00,-1.00,0,0.00,1,-1.00
2021-01-02,1,1.00,1.00,1,1.00,0,0.00
2021-01-03,1,1.00,1.00,1,1.00,0,0.00
2021-01-04,6,-2.00,0.00,2,2.00,4,-4.00
2021-01-05,11,7.00,0.81,9,9.00,2,-2.00
2021-01-06,12,6.00,0.75,9,9.00,3,-3.00
2021-01-07,42,18.00,0.59,30,30.00,12,-12.00
2021-01-08,97,29.00,0.44,63,63.00,34,-34.00
2021-01-09,11,1.00,0.14,6,6.00,5,-5.00
2021-01-10,7,7.00,1.00,7,7.00,0,0.00
2021-01-11,65,17.00,0.32,41,41.00,24,-24.00
2021-01-12,16,2.00,0.37,9,9.00,7,-7.00
2021-01-13,37,13.00,0.68,25,25.00,12,-12.00
2021-01-14,14,8.00,0.61,11,11.00,3,-3.00
2021-01-15,11,1.00,0.07,6,6.00,5,-5.00
2021-01-16,5,5.00,1.00,5,5.00,0,0.00
2021-01-17,5,5.00,1.00,5,5.00,0,0.00
2021-01-18,14,8.00,0.72,11,11.00,3,-3.00
2021-01-19,7,1.00,0.43,4,4.00,3,-3.00
2021-01-20,10,6.00,0.64,8,8.00,2,-2.00
2021-01-21,9,1.00,0.27,5,5.00,4,-4.00
2021-01-22,14,12.00,0.90,13,13.00,1,-1.00
2021-01-23,3,-1.00,-0.53,1,1.00,2,-2.00
2021-01-24,4,4.00,1.00,4,4.00,0,0.00
2021-01-25,16,-2.00,-0.01,7,7.00,9,-9.00
2021-01-26,15,13.00,0.93,14,14.00,1,-1.00
2021-01-27,14,10.00,0.87,12,12.00,2,-2.00
2021-01-28,8,4.00,0.70,6,6.00,2,-2.00
2021-01-29,15,-1.00,0.06,7,7.00,8,-8.00
2021-01-31,1,1.00,1.00,1,1.00,0,0.00
2021-02-01,12,10.00,0.93,11,11.00,1,-1.00
2021-02-02,15,1.00,0.38,8,8.00,7,-7.00
2021-02-03,4,0.00,0.42,2,2.00,2,-2.00
2021-02-04,6,4.00,0.83,5,5.00,1,-1.00
2021-02-05,6,4.00,0.82,5,5.00,1,-1.00
2021-02-06,1,-1.00,-1.00,0,0.00,1,-1.00
2021-02-07,1,1.00,1.00,1,1.00,0,0.00
2021-02-08,6,2.00,0.56,4,4.00,2,-2.00
2021-02-09,4,2.00,0.53,3,3.00,1,-1.00
2021-02-10,2,0.00,-0.00,1,1.00,1,-1.00
2021-02-12,3,3.00,1.00,3,3.00,0,0.00
2021-02-16,1,-1.00,-1.00,0,0.00,1,-1.00
2021-02-17,4,0.00,0.06,2,2.00,2,-2.00
2021-02-18,7,5.00,0.63,6,6.00,1,-1.00
2021-02-20,1,-1.00,-1.00,0,0.00,1,-1.00
2021-02-21,1,1.00,1.00,1,1.00,0,0.00
2021-02-23,5,5.00,1.00,5,5.00,0,0.00
2021-02-24,7,3.00,0.87,5,5.00,2,-2.00
2021-02-25,1,1.00,1.00,1,1.00,0,0.00
2021-02-26,9,1.00,0.49,5,5.00,4,-4.00
2021-02-27,2,2.00,1.00,2,2.00,0,0.00
2021-03-01,6,0.00,-0.01,3,3.00,3,-3.00
2021-03-02,6,0.00,0.02,3,3.00,3,-3.00
2021-03-03,1,-1.00,-1.00,0,0.00,1,-1.00
2021-03-04,6,2.00,0.40,4,4.00,2,-2.00
2021-03-06,1,1.00,1.00,1,1.00,0,0.00
2021-03-08,6,4.00,0.83,5,5.00,1,-1.00
2021-03-09,3,-1.00,-0.45,1,1.00,2,-2.00
2021-03-10,3,3.00,1.00,3,3.00,0,0.00
2021-03-11,7,5.00,0.83,6,6.00,1,-1.00
2021-03-12,3,-1.00,-0.29,1,1.00,2,-2.00
2021-03-15,7,3.00,0.55,5,5.00,2,-2.00
2021-03-16,5,5.00,1.00,5,5.00,0,0.00
2021-03-17,2,2.00,1.00,2,2.00,0,0.00
2021-03-18,3,1.00,0.35,2,2.00,1,-1.00
2021-03-19,1,1.00,1.00,1,1.00,0,0.00
2021-03-20,1,1.00,1.00,1,1.00,0,0.00
2021-03-22,11,7.00,-0.00,9,9.00,2,-2.00
2021-03-23,12,4.00,0.03,8,8.00,4,-4.00
2021-03-24,26,14.00,0.58,20,20.00,6,-6.00
2021-03-25,3,3.00,1.00,3,3.00,0,0.00
2021-03-26,1,1.00,1.00,1,1.00,0,0.00
2021-03-29,6,4.00,0.81,5,5.00,1,-1.00
2021-03-30,1,-1.00,-1.00,0,0.00,1,-1.00
2021-03-31,1,1.00,1.00,1,1.00,0,0.00
2021-04-01,2,2.00,1.00,2,2.00,0,0.00
2021-04-02,4,4.00,1.00,4,4.00,0,0.00
2021-04-05,1,1.00,1.00,1,1.00,0,0.00
2021-04-06,1,1.00,1.00,1,1.00,0,0.00
2021-04-07,1,1.00,1.00,1,1.00,0,0.00
2021-04-08,3,3.00,1.00,3,3.00,0,0.00
2021-04-09,2,0.00,0.03,1,1.00,1,-1.00
2021-04-12,39,33.00,0.88,36,36.00,3,-3.00
2021-04-13,10,6.00,0.83,8,8.00,2,-2.00
2021-04-14,5,5.00,1.00,5,5.00,0,0.00
2021-04-15,5,-1.00,-0.29,2,2.00,3,-3.00
2021-04-16,7,3.00,0.48,5,5.00,2,-2.00
2021-04-17,3,1.00,0.27,2,2.00,1,-1.00
2021-04-18,2,2.00,1.00,2,2.00,0,0.00
2021-04-19,10,4.00,0.26,7,7.00,3,-3.00
2021-04-20,5,3.00,0.38,4,4.00,1,-1.00
2021-04-21,10,10.00,1.00,10,10.00,0,0.00
2021-04-22,18,2.00,0.33,10,10.00,8,-8.00
2021-04-23,42,16.00,0.52,29,29.00,13,-13.00
2021-04-24,4,2.00,0.45,3,3.00,1,-1.00
2021-04-25,10,4.00,0.54,7,7.00,3,-3.00
2021-04-26,99,71.00,0.25,85,85.00,14,-14.00
2021-04-27,87,39.00,0.57,63,63.00,24,-24.00
2021-04-28,46,16.00,0.40,31,31.00,15,-15.00
2021-04-29,29,11.00,0.22,20,20.00,9,-9.00
2021-04-30,18,8.00,0.26,13,13.00,5,-5.00
2021-05-02,1,1.00,1.00,1,1.00,0,0.00
2021-05-03,2,0.00,0.08,1,1.00,1,-1.00
2021-05-04,1,-1.00,-1.00,0,0.00,1,-1.00
2021-05-05,5,3.00,0.58,4,4.00,1,-1.00
2021-05-06,22,10.00,0.52,16,16.00,6,-6.00
2021-05-07,14,0.00,-0.03,7,7.00,7,-7.00
2021-05-08,3,3.00,1.00,3,3.00,0,0.00
2021-05-09,2,2.00,1.00,2,2.00,0,0.00
2021-05-10,9,7.00,0.80,8,8.00,1,-1.00
2021-05-11,10,2.00,0.34,6,6.00,4,-4.00
2021-05-12,31,23.00,0.76,27,27.00,4,-4.00
2021-05-13,117,47.00,0.54,82,82.00,35,-35.00
2021-05-14,81,23.00,0.43,52,52.00,29,-29.00
2021-05-15,18,8.00,0.30,13,13.00,5,-5.00
2021-05-16,10,0.00,0.20,5,5.00,5,-5.00
2021-05-17,51,21.00,0.53,36,36.00,15,-15.00
2021-05-18,60,30.00,0.49,45,45.00,15,-15.00
2021-05-19,59,33.00,0.69,46,46.00,13,-13.00
2021-05-20,39,27.00,0.38,33,33.00,6,-6.00
2021-05-21,74,38.00,0.54,56,56.00,18,-18.00
2021-05-22,10,6.00,0.64,8,8.00,2,-2.00
2021-05-23,12,6.00,0.58,9,9.00,3,-3.00
2021-05-24,89,43.00,0.60,66,66.00,23,-23.00
2021-05-25,77,49.00,0.49,63,63.00,14,-14.00
2021-05-26,61,29.00,0.48,45,45.00,16,-16.00
2021-05-27,49,21.00,0.51,35,35.00,14,-14.00
2021-05-28,32,10.00,0.35,21,21.00,11,-11.00
2021-05-29,3,1.00,-0.27,2,2.00,1,-1.00
2021-05-30,7,-1.00,-0.12,3,3.00,4,-4.00
2021-05-31,19,13.00,0.81,16,16.00,3,-3.00
2021-06-01,30,10.00,0.31,20,20.00,10,-10.00
2021-06-02,31,11.00,0.28,21,21.00,10,-10.00
2021-06-03,103,37.00,0.46,70,70.00,33,-33.00
2021-06-04,36,18.00,0.57,27,27.00,9,-9.00
2021-06-05,2,2.00,1.00,2,2.00,0,0.00
2021-06-06,1,1.00,1.00,1,1.00,0,0.00
2021-06-07,17,7.00,0.26,12,12.00,5,-5.00
2021-06-08,7,3.00,0.19,5,5.00,2,-2.00
2021-06-09,18,12.00,0.70,15,15.00,3,-3.00
2021-06-10,17,7.00,0.65,12,12.00,5,-5.00
2021-06-11,14,6.00,0.39,10,10.00,4,-4.00
2021-06-12,6,4.00,0.68,5,5.00,1,-1.00
2021-06-13,2,0.00,0.22,1,1.00,1,-1.00
2021-06-14,2,2.00,1.00,2,2.00,0,0.00
2021-06-15,11,7.00,0.70,9,9.00,2,-2.00
2021-06-16,9,5.00,0.57,7,7.00,2,-2.00
2021-06-17,11,3.00,0.30,7,7.00,4,-4.00
2021-06-18,12,8.00,0.69,10,10.00,2,-2.00
2021-06-19,1,-1.00,-1.00,0,0.00,1,-1.00
2021-06-20,5,1.00,0.37,3,3.00,2,-2.00
2021-06-21,8,2.00,0.05,5,5.00,3,-3.00
2021-06-22,15,5.00,0.15,10,10.00,5,-5.00
2021-06-23,29,5.00,0.07,17,17.00,12,-12.00
2021-06-24,11,3.00,0.49,7,7.00,4,-4.00
2021-06-25,19,-3.00,-0.16,8,8.00,11,-11.00
2021-06-26,3,3.00,1.00,3,3.00,0,0.00
2021-06-27,1,1.00,1.00,1,1.00,0,0.00
2021-06-28,9,3.00,0.50,6,6.00,3,-3.00
2021-06-29,20,16.00,0.83,18,18.00,2,-2.00
2021-06-30,32,22.00,0.70,27,27.00,5,-5.00
2021-07-01,23,17.00,0.49,20,20.00,3,-3.00
2021-07-02,29,17.00,0.58,23,23.00,6,-6.00
2021-07-03,8,4.00,0.70,6,6.00,2,-2.00
2021-07-04,13,7.00,0.74,10,10.00,3,-3.00
2021-07-05,34,16.00,0.51,25,25.00,9,-9.00
2021-07-06,35,15.00,0.38,25,25.00,10,-10.00
2021-07-07,18,12.00,0.57,15,15.00,3,-3.00
2021-07-08,29,19.00,0.72,24,24.00,5,-5.00
2021-07-09,38,24.00,0.69,31,31.00,7,-7.00
2021-07-10,3,3.00,1.00,3,3.00,0,0.00
2021-07-11,7,5.00,0.67,6,6.00,1,-1.00
2021-07-12,22,16.00,0.69,19,19.00,3,-3.00
2021-07-13,21,13.00,0.67,17,17.00,4,-4.00
2021-07-14,19,11.00,0.74,15,15.00,4,-4.00
2021-07-15,22,16.00,0.75,19,19.00,3,-3.00
2021-07-16,27,13.00,0.16,20,20.00,7,-7.00
2021-07-17,4,4.00,1.00,4,4.00,0,0.00
2021-07-18,4,0.00,0.13,2,2.00,2,-2.00
2021-07-19,13,7.00,0.55,10,10.00,3,-3.00
2021-07-20,38,26.00,0.66,32,32.00,6,-6.00
2021-07-21,38,10.00,0.38,24,24.00,14,-14.00
2021-07-22,26,10.00,0.14,18,18.00,8,-8.00
2021-07-23,42,20.00,0.54,31,31.00,11,-11.00
2021-07-24,8,2.00,-0.06,5,5.00,3,-3.00
2021-07-25,5,1.00,-0.06,3,3.00,2,-2.00
2021-07-26,23,9.00,0.40,16,16.00,7,-7.00
2021-07-27,43,29.00,0.73,36,36.00,7,-7.00
2021-07-28,32,12.00,0.36,22,22.00,10,-10.00
2021-07-29,15,5.00,-0.21,10,10.00,5,-5.00
2021-07-30,12,6.00,0.42,9,9.00,3,-3.00
2021-07-31,2,2.00,1.00,2,2.00,0,0.00
2021-08-01,2,2.00,1.00,2,2.00,0,0.00
2021-08-02,8,4.00,0.66,6,6.00,2,-2.00
2021-08-03,6,0.00,-0.43,3,3.00,3,-3.00
2021-08-04,15,13.00,0.87,14,14.00,1,-1.00
2021-08-05,6,2.00,0.72,4,4.00,2,-2.00
2021-08-06,29,25.00,0.87,27,27.00,2,-2.00
2021-08-07,4,2.00,0.62,3,3.00,1,-1.00
2021-08-08,6,2.00,0.54,4,4.00,2,-2.00
2021-08-09,58,44.00,0.81,51,51.00,7,-7.00
2021-08-10,20,12.00,0.43,16,16.00,4,-4.00
2021-08-11,14,10.00,0.63,12,12.00,2,-2.00
2021-08-12,22,8.00,0.42,15,15.00,7,-7.00
2021-08-13,17,11.00,0.55,14,14.00,3,-3.00
2021-08-14,3,1.00,0.27,2,2.00,1,-1.00
2021-08-15,2,-2.00,-1.00,0,0.00,2,-2.00
2021-08-16,14,12.00,0.83,13,13.00,1,-1.00
2021-08-17,29,15.00,0.55,22,22.00,7,-7.00
2021-08-18,18,8.00,0.55,13,13.00,5,-5.00
2021-08-19,22,10.00,0.54,16,16.00,6,-6.00
2021-08-20,7,7.00,1.00,7,7.00,0,0.00
2021-08-22,2,0.00,0.03,1,1.00,1,-1.00
2021-08-23,12,8.00,0.60,10,10.00,2,-2.00
2021-08-24,28,6.00,0.13,17,17.00,11,-11.00
2021-08-25,22,4.00,0.39,13,13.00,9,-9.00
2021-08-26,9,7.00,0.89,8,8.00,1,-1.00
2021-08-27,38,20.00,0.73,29,29.00,9,-9.00
2021-08-28,4,0.00,-0.00,2,2.00,2,-2.00
2021-08-29,12,8.00,0.69,10,10.00,2,-2.00
2021-08-30,50,8.00,-0.05,29,29.00,21,-21.00
2021-08-31,41,13.00,0.32,27,27.00,14,-14.00
2021-09-01,38,8.00,0.12,23,23.00,15,-15.00
2021-09-02,21,13.00,0.66,17,17.00,4,-4.00
2021-09-03,8,0.00,-0.04,4,4.00,4,-4.00
2021-09-05,4,4.00,1.00,4,4.00,0,0.00
2021-09-06,7,3.00,0.65,5,5.00,2,-2.00
2021-09-07,16,2.00,0.17,9,9.00,7,-7.00
2021-09-08,8,6.00,0.58,7,7.00,1,-1.00
2021-09-09,12,8.00,0.74,10,10.00,2,-2.00
2021-09-10,12,2.00,-0.40,7,7.00,5,-5.00
2021-09-11,2,2.00,1.00,2,2.00,0,0.00
2021-09-12,6,6.00,1.00,6,6.00,0,0.00
2021-09-13,9,5.00,0.66,7,7.00,2,-2.00
2021-09-14,23,7.00,0.42,15,15.00,8,-8.00
2021-09-15,20,10.00,0.60,15,15.00,5,-5.00
2021-09-16,25,7.00,0.44,16,16.00,9,-9.00
2021-09-17,20,12.00,0.68,16,16.00,4,-4.00
2021-09-18,3,1.00,0.53,2,2.00,1,-1.00
2021-09-19,3,3.00,1.00,3,3.00,0,0.00
2021-09-20,2,-2.00,-1.00,0,0.00,2,-2.00
2021-09-21,1,-1.00,-1.00,0,0.00,1,-1.00
2021-09-22,11,7.00,0.75,9,9.00,2,-2.00
2021-09-23,14,12.00,0.86,13,13.00,1,-1.00
2021-09-24,20,16.00,0.83,18,18.00,2,-2.00
2021-09-25,2,0.00,-0.08,1,1.00,1,-1.00
2021-09-27,27,9.00,0.37,18,18.00,9,-9.00
2021-09-28,21,7.00,0.42,14,14.00,7,-7.00
2021-09-29,15,7.00,0.57,11,11.00,4,-4.00
2021-09-30,13,7.00,0.49,10,10.00,3,-3.00
2021-10-01,2,0.00,0.07,1,1.00,1,-1.00
2021-10-03,2,2.00,1.00,2,2.00,0,0.00
2021-10-04,2,2.00,1.00,2,2.00,0,0.00
2021-10-05,1,1.00,1.00,1,1.00,0,0.00
2021-10-06,1,1.00,1.00,1,1.00,0,0.00
2021-10-07,1,1.00,1.00,1,1.00,0,0.00
2021-10-08,4,2.00,-0.05,3,3.00,1,-1.00
2021-10-09,1,-1.00,-1.00,0,0.00,1,-1.00
2021-10-10,1,-1.00,-1.00,0,0.00,1,-1.00
2021-10-11,10,4.00,0.83,7,7.00,3,-3.00
2021-10-12,8,8.00,1.00,8,8.00,0,0.00
2021-10-13,6,0.00,0.07,3,3.00,3,-3.00
2021-10-14,4,0.00,0.19,2,2.00,2,-2.00
2021-10-15,9,9.00,1.00,9,9.00,0,0.00
2021-10-17,1,-1.00,-1.00,0,0.00,1,-1.00
2021-10-18,5,-1.00,-0.17,2,2.00,3,-3.00
2021-10-19,4,0.00,0.12,2,2.00,2,-2.00
2021-10-20,15,5.00,0.53,10,10.00,5,-5.00
2021-10-21,3,3.00,1.00,3,3.00,0,0.00
2021-10-22,5,3.00,0.45,4,4.00,1,-1.00
2021-10-23,2,2.00,1.00,2,2.00,0,0.00
2021-10-24,8,2.00,0.33,5,5.00,3,-3.00
2021-10-25,19,9.00,0.56,14,14.00,5,-5.00
2021-10-26,3,3.00,1.00,3,3.00,0,0.00
2021-10-27,39,19.00,0.66,29,29.00,10,-10.00
2021-10-28,41,21.00,0.33,31,31.00,10,-10.00
2021-10-29,20,4.00,0.26,12,12.00,8,-8.00
2021-10-30,2,0.00,0.64,1,1.00,1,-1.00
2021-10-31,5,1.00,-0.01,3,3.00,2,-2.00
2021-11-01,13,7.00,0.41,10,10.00,3,-3.00
2021-11-02,16,4.00,0.39,10,10.00,6,-6.00
2021-11-03,12,6.00,0.49,9,9.00,3,-3.00
2021-11-04,8,4.00,0.55,6,6.00,2,-2.00
2021-11-05,15,11.00,0.83,13,13.00,2,-2.00
2021-11-06,1,1.00,1.00,1,1.00,0,0.00
2021-11-08,5,5.00,1.00,5,5.00,0,0.00
2021-11-09,6,6.00,1.00,6,6.00,0,0.00
2021-11-10,2,0.00,-0.57,1,1.00,1,-1.00
2021-11-11,3,1.00,0.18,2,2.00,1,-1.00
2021-11-12,5,5.00,1.00,5,5.00,0,0.00
2021-11-13,5,3.00,0.82,4,4.00,1,-1.00
2021-11-14,1,1.00,1.00,1,1.00,0,0.00
2021-11-15,2,2.00,1.00,2,2.00,0,0.00
2021-11-16,6,4.00,0.76,5,5.00,1,-1.00
2021-11-17,16,6.00,0.42,11,11.00,5,-5.00
2021-11-18,4,0.00,-0.36,2,2.00,2,-2.00
2021-11-19,42,22.00,0.37,32,32.00,10,-10.00
2021-11-20,5,3.00,0.63,4,4.00,1,-1.00
2021-11-21,4,2.00,0.66,3,3.00,1,-1.00
2021-11-22,64,30.00,0.54,47,47.00,17,-17.00
2021-11-23,138,54.00,0.53,96,96.00,42,-42.00
2021-11-24,79,33.00,0.53,56,56.00,23,-23.00
2021-11-25,34,26.00,0.85,30,30.00,4,-4.00
2021-11-26,38,6.00,-0.12,22,22.00,16,-16.00
2021-11-27,3,1.00,0.45,2,2.00,1,-1.00
2021-11-28,12,2.00,0.39,7,7.00,5,-5.00
2021-11-29,59,21.00,0.37,40,40.00,19,-19.00
2021-11-30,86,18.00,0.27,52,52.00,34,-34.00
2021-12-01,53,23.00,0.49,38,38.00,15,-15.00
2021-12-02,23,9.00,0.45,16,16.00,7,-7.00
2021-12-03,34,16.00,0.52,25,25.00,9,-9.00
2021-12-04,13,7.00,0.64,10,10.00,3,-3.00
2021-12-05,5,-3.00,-0.72,1,1.00,4,-4.00
2021-12-06,23,9.00,0.37,16,16.00,7,-7.00
2021-12-07,31,7.00,0.11,19,19.00,12,-12.00
2021-12-08,50,18.00,0.48,34,34.00,16,-16.00
2021-12-09,34,4.00,0.05,19,19.00,15,-15.00
2021-12-10,24,14.00,0.60,19,19.00,5,-5.00
2021-12-11,2,2.00,1.00,2,2.00,0,0.00
2021-12-12,7,-3.00,-0.30,2,2.00,5,-5.00
2021-12-13,18,10.00,0.57,14,14.00,4,-4.00
2021-12-14,15,3.00,0.20,9,9.00,6,-6.00
2021-12-15,8,4.00,0.38,6,6.00,2,-2.00
2021-12-16,16,-2.00,0.02,7,7.00,9,-9.00
2021-12-17,18,6.00,0.35,12,12.00,6,-6.00
2021-12-18,1,1.00,1.00,1,1.00,0,0.00
2021-12-19,6,2.00,0.54,4,4.00,2,-2.00
2021-12-20,19,7.00,0.43,13,13.00,6,-6.00
2021-12-21,19,11.00,0.52,15,15.00,4,-4.00
2021-12-22,9,3.00,0.32,6,6.00,3,-3.00
2021-12-23,9,3.00,0.39,6,6.00,3,-3.00
2021-12-24,14,6.00,0.50,10,10.00,4,-4.00
2021-12-26,2,0.00,0.05,1,1.00,1,-1.00
2021-12-27,3,-1.00,-0.46,1,1.00,2,-2.00
2021-12-28,30,4.00,0.13,17,17.00,13,-13.00
2021-12-29,23,7.00,0.23,15,15.00,8,-8.00
2021-12-30,23,11.00,0.45,17,17.00,6,-6.00
2021-12-31,25,13.00,0.65,19,19.00,6,-6.00
2022-01-02,4,-2.00,-0.55,1,1.00,3,-3.00
2022-01-03,1,1.00,1.00,1,1.00,0,0.00
2022-01-04,13,7.00,0.57,10,10.00,3,-3.00
2022-01-05,25,15.00,0.57,20,20.00,5,-5.00
2022-01-06,10,6.00,0.61,8,8.00,2,-2.00
2022-01-07,20,2.00,0.13,11,11.00,9,-9.00
2022-01-08,10,8.00,0.78,9,9.00,1,-1.00
2022-01-10,14,6.00,0.45,10,10.00,4,-4.00
2022-01-11,11,3.00,0.28,7,7.00,4,-4.00
2022-01-12,16,0.00,0.19,8,8.00,8,-8.00
2022-01-13,6,0.00,-0.04,3,3.00,3,-3.00
2022-01-14,7,3.00,0.48,5,5.00,2,-2.00
2022-01-15,2,0.00,-0.05,1,1.00,1,-1.00
2022-01-16,2,2.00,1.00,2,2.00,0,0.00
2022-01-17,10,6.00,0.59,8,8.00,2,-2.00
2022-01-18,27,9.00,0.45,18,18.00,9,-9.00
2022-01-19,22,18.00,0.83,20,20.00,2,-2.00
2022-01-20,41,21.00,0.57,31,31.00,10,-10.00
2022-01-21,26,6.00,0.26,16,16.00,10,-10.00
2022-01-22,4,2.00,0.57,3,3.00,1,-1.00
2022-01-23,7,3.00,0.39,5,5.00,2,-2.00
2022-01-24,82,34.00,0.49,58,58.00,24,-24.00
2022-01-25,29,17.00,0.66,23,23.00,6,-6.00
2022-01-26,21,5.00,0.26,13,13.00,8,-8.00
2022-01-27,10,6.00,0.48,8,8.00,2,-2.00
2022-01-28,9,-1.00,0.20,4,4.00,5,-5.00
2022-01-29,5,1.00,0.26,3,3.00,2,-2.00
2022-01-30,1,1.00,1.00,1,1.00,0,0.00
2022-01-31,2,2.00,1.00,2,2.00,0,0.00
2022-02-02,1,1.00,1.00,1,1.00,0,0.00
2022-02-04,3,3.00,1.00,3,3.00,0,0.00
2022-02-05,2,2.00,1.00,2,2.00,0,0.00
2022-02-06,2,2.00,1.00,2,2.00,0,0.00
2022-02-07,6,6.00,1.00,6,6.00,0,0.00
2022-02-08,7,5.00,0.80,6,6.00,1,-1.00
2022-02-09,8,4.00,0.49,6,6.00,2,-2.00
2022-02-10,3,1.00,0.30,2,2.00,1,-1.00
2022-02-11,2,2.00,1.00,2,2.00,0,0.00
2022-02-12,2,2.00,1.00,2,2.00,0,0.00
2022-02-13,1,1.00,1.00,1,1.00,0,0.00
2022-02-14,5,1.00,0.19,3,3.00,2,-2.00
2022-02-15,10,10.00,1.00,10,10.00,0,0.00
2022-02-16,4,4.00,1.00,4,4.00,0,0.00
2022-02-17,15,13.00,0.91,14,14.00,1,-1.00
2022-02-18,16,8.00,0.54,12,12.00,4,-4.00
2022-02-19,2,2.00,1.00,2,2.00,0,0.00
2022-02-20,5,3.00,0.64,4,4.00,1,-1.00
2022-02-21,11,7.00,0.65,9,9.00,2,-2.00
2022-02-22,7,3.00,0.54,5,5.00,2,-2.00
2022-02-23,9,9.00,1.00,9,9.00,0,0.00
2022-02-24,10,6.00,0.75,8,8.00,2,-2.00
2022-02-25,12,10.00,0.86,11,11.00,1,-1.00
2022-02-26,4,4.00,1.00,4,4.00,0,0.00
2022-02-27,1,-1.00,-1.00,0,0.00,1,-1.00
2022-02-28,47,25.00,0.54,36,36.00,11,-11.00
2022-03-01,26,12.00,0.50,19,19.00,7,-7.00
2022-03-02,7,7.00,1.00,7,7.00,0,0.00
2022-03-03,9,7.00,0.83,8,8.00,1,-1.00
2022-03-04,10,6.00,0.62,8,8.00,2,-2.00
2022-03-05,1,1.00,1.00,1,1.00,0,0.00
2022-03-06,2,0.00,-0.07,1,1.00,1,-1.00
2022-03-07,12,8.00,0.65,10,10.00,2,-2.00
2022-03-08,11,7.00,0.64,9,9.00,2,-2.00
2022-03-09,10,8.00,0.82,9,9.00,1,-1.00
2022-03-10,3,3.00,1.00,3,3.00,0,0.00
2022-03-11,9,7.00,0.86,8,8.00,1,-1.00
2022-03-12,7,1.00,0.10,4,4.00,3,-3.00
2022-03-13,1,1.00,1.00,1,1.00,0,0.00
2022-03-14,3,3.00,1.00,3,3.00,0,0.00
2022-03-15,7,1.00,0.33,4,4.00,3,-3.00
2022-03-16,7,1.00,-0.16,4,4.00,3,-3.00
2022-03-17,13,-5.00,-0.27,4,4.00,9,-9.00
2022-03-18,5,3.00,0.70,4,4.00,1,-1.00
2022-03-20,1,-1.00,-1.00,0,0.00,1,-1.00
2022-03-21,5,3.00,0.58,4,4.00,1,-1.00
2022-03-22,4,4.00,1.00,4,4.00,0,0.00
2022-03-23,79,39.00,0.60,59,59.00,20,-20.00
2022-03-24,46,32.00,0.66,39,39.00,7,-7.00
2022-03-25,22,18.00,0.85,20,20.00,2,-2.00
2022-03-26,4,4.00,1.00,4,4.00,0,0.00
2022-03-27,2,0.00,-0.18,1,1.00,1,-1.00
2022-03-28,6,2.00,0.39,4,4.00,2,-2.00
2022-03-29,18,6.00,0.33,12,12.00,6,-6.00
2022-03-30,12,2.00,0.26,7,7.00,5,-5.00
2022-03-31,10,4.00,0.48,7,7.00,3,-3.00
2022-04-01,11,1.00,0.14,6,6.00,5,-5.00
2022-04-02,1,-1.00,-1.00,0,0.00,1,-1.00
2022-04-05,2,2.00,1.00,2,2.00,0,0.00
2022-04-06,3,3.00,1.00,3,3.00,0,0.00
2022-04-07,12,4.00,0.16,8,8.00,4,-4.00
2022-04-08,9,3.00,0.38,6,6.00,3,-3.00
2022-04-09,1,1.00,1.00,1,1.00,0,0.00
2022-04-10,2,2.00,1.00,2,2.00,0,0.00
2022-04-11,10,0.00,0.60,5,5.00,5,-5.00
2022-04-12,11,7.00,0.61,9,9.00,2,-2.00
2022-04-13,7,3.00,0.45,5,5.00,2,-2.00
2022-04-14,7,-3.00,-0.44,2,2.00,5,-5.00
2022-04-15,27,19.00,0.66,23,23.00,4,-4.00
2022-04-18,4,4.00,1.00,4,4.00,0,0.00
2022-04-19,2,2.00,1.00,2,2.00,0,0.00
2022-04-20,10,2.00,0.40,6,6.00,4,-4.00
2022-04-21,21,15.00,0.68,18,18.00,3,-3.00
2022-04-22,13,3.00,0.43,8,8.00,5,-5.00
2022-04-23,1,1.00,1.00,1,1.00,0,0.00
2022-04-25,51,45.00,0.85,48,48.00,3,-3.00
2022-04-26,22,16.00,0.76,19,19.00,3,-3.00
2022-04-27,21,13.00,0.54,17,17.00,4,-4.00
2022-04-28,41,21.00,0.49,31,31.00,10,-10.00
2022-04-29,16,12.00,0.76,14,14.00,2,-2.00
2022-04-30,1,1.00,1.00,1,1.00,0,0.00
2022-05-01,3,1.00,0.45,2,2.00,1,-1.00
2022-05-03,2,2.00,1.00,2,2.00,0,0.00
2022-05-05,4,2.00,0.60,3,3.00,1,-1.00
2022-05-06,6,6.00,1.00,6,6.00,0,0.00
2022-05-07,2,0.00,0.06,1,1.00,1,-1.00
2022-05-09,23,11.00,0.57,17,17.00,6,-6.00
2022-05-10,52,20.00,0.36,36,36.00,16,-16.00
2022-05-11,34,16.00,0.43,25,25.00,9,-9.00
2022-05-12,7,3.00,0.51,5,5.00,2,-2.00
2022-05-13,6,2.00,0.34,4,4.00,2,-2.00
2022-05-15,2,2.00,1.00,2,2.00,0,0.00
2022-05-16,14,6.00,0.17,10,10.00,4,-4.00
2022-05-17,7,5.00,0.63,6,6.00,1,-1.00
2022-05-18,5,5.00,1.00,5,5.00,0,0.00
2022-05-19,2,2.00,1.00,2,2.00,0,0.00
2022-05-20,3,-1.00,-0.37,1,1.00,2,-2.00
2022-05-21,1,1.00,1.00,1,1.00,0,0.00
2022-05-23,19,11.00,0.50,15,15.00,4,-4.00
2022-05-24,7,7.00,1.00,7,7.00,0,0.00
2022-05-25,9,7.00,0.86,8,8.00,1,-1.00
2022-05-26,2,0.00,-0.21,1,1.00,1,-1.00
2022-05-27,7,5.00,0.81,6,6.00,1,-1.00
2022-05-30,4,2.00,0.36,3,3.00,1,-1.00
2022-05-31,4,4.00,1.00,4,4.00,0,0.00
2022-06-01,7,5.00,0.82,6,6.00,1,-1.00
2022-06-02,3,1.00,0.39,2,2.00,1,-1.00
2022-06-03,1,1.00,1.00,1,1.00,0,0.00
2022-06-04,3,1.00,0.08,2,2.00,1,-1.00
2022-06-05,1,1.00,1.00,1,1.00,0,0.00
2022-06-06,3,-3.00,-1.00,0,0.00,3,-3.00
2022-06-07,7,7.00,1.00,7,7.00,0,0.00
2022-06-08,7,3.00,0.29,5,5.00,2,-2.00
2022-06-09,11,9.00,0.87,10,10.00,1,-1.00
2022-06-10,4,4.00,1.00,4,4.00,0,0.00
2022-06-11,1,1.00,1.00,1,1.00,0,0.00
2022-06-13,17,15.00,0.89,16,16.00,1,-1.00
2022-06-14,8,6.00,0.87,7,7.00,1,-1.00
2022-06-15,12,0.00,0.14,6,6.00,6,-6.00
2022-06-16,7,1.00,0.11,4,4.00,3,-3.00
2022-06-17,7,7.00,1.00,7,7.00,0,0.00
2022-06-18,3,3.00,1.00,3,3.00,0,0.00
2022-06-19,3,3.00,1.00,3,3.00,0,0.00
2022-06-20,20,16.00,0.74,18,18.00,2,-2.00
2022-06-21,5,1.00,0.09,3,3.00,2,-2.00
2022-06-22,5,1.00,0.12,3,3.00,2,-2.00
2022-06-23,13,9.00,0.70,11,11.00,2,-2.00
2022-06-24,7,7.00,1.00,7,7.00,0,0.00
2022-06-25,1,1.00,1.00,1,1.00,0,0.00
2022-06-26,1,1.00,1.00,1,1.00,0,0.00
2022-06-27,10,4.00,0.51,7,7.00,3,-3.00
2022-06-28,4,2.00,0.68,3,3.00,1,-1.00
2022-06-29,6,6.00,1.00,6,6.00,0,0.00
2022-06-30,4,0.00,-0.28,2,2.00,2,-2.00
